articulo, palabra  , silaba_tonica, campo_semantico, color_campo, color_fondo, ejemplo                             , gramapop                                                                                                                      , combo1_estructura                            , combo1_ejemplo                , combo2_estructura                            , combo2_ejemplo           , combo3_estructura                            , combo3_ejemplo                  , EN           , FR        , PT               , AL        , PL             , NL       , GR      , TR        , CZ
el      , AGUA     , A-gua        , BEBIDAS        , #1D4E89    , #EAA095    , Hay agua en la nevera.              , el/un agua | las/unas aguas | Femenino · 'a' tónica inicial | ¿Cómo se pide? Un vaso de agua.                                 , hay + [bebida]                               , Hay agua fría en la cafetería., tomar + [bebida]                             , Tomo agua en clase.      , me gusta + el/la + [bebida]                  , Me gusta el agua fría.          , WATER        , EAU       , ÁGUA             , WASSER    , WODA           , WATER    , ΝΕΡΟ    , SU        , VODA
el      , ZUMO     , ZU-mo        , BEBIDAS        , #1D4E89    , #95CDEA    , Tomo zumo de naranja por la mañana. , el/un zumo | los/unos zumos | Masculino | ¿Cómo se pide? Un zumo · dos zumos.                                                 , tomar + [bebida] + de + [fruta]              , Tomo zumo de naranja.         , querer + un + [bebida]                       , Quiero un zumo.          , pedir + un/una + [recipiente] + de + [bebida], Pido un vaso de zumo.           , JUICE        , JUS       , SUCO             , SAFT      , SOK            , SAP      , ΧΥΜΟΣ   , MEYVE SUYU, DŽUS
la      , LECHE    , LE-che       , BEBIDAS        , #1D4E89    , #EAA095    , Tomo leche por la mañana.           , la/una leche | las/unas leches | Femenino · uso habitual en singular | ¿Cómo se pide? Un vaso de leche.                       , tomar + [bebida] + con + [bebida]            , Tomo café con leche.          , me gusta + el/la + [bebida]                  , Me gusta la leche.       , querer + un poco de + [bebida]               , Quiero un poco de leche.        , MILK         , LAIT      , LEITE            , MILCH     , MLEKO          , MELK     , ΓΑΛΑ    , SÜT       , MLÉKO
el      , CAFÉ     , ca-FÉ        , BEBIDAS        , #1D4E89    , #95CDEA    , Tomo un café por la mañana.         , el/un café | los/unos cafés | Masculino | ¿Cómo se pide? Un café · dos cafés.                                                 , pedir + un/una + [recipiente] + de + [bebida], Pido una taza de café.        , tomar + [bebida] + con + [bebida]            , Tomo café con leche.     , querer + un + [bebida]                       , ¿Quieres un café?               , COFFEE       , CAFÉ      , CAFÉ             , KAFFEE    , KAWA           , KOFFIE   , ΚΑΦΕΣ   , KAHVE     , KÁVA
el      , TÉ       , TÉ           , BEBIDAS        , #1D4E89    , #95CDEA    , Quiero un té caliente.              , el/un té | los/unos tés | Masculino · monosílabo tónico | ¿Cómo se pide? Un té · dos tés.                                     , pedir + un/una + [recipiente] + de + [bebida], Pido una taza de té.          , querer + un + [bebida]                       , Quiero un té.            , tomar + [bebida]                             , Tomo té por la tarde.           , TEA          , THÉ       , CHÁ              , TEE       , HERBATA        , THEE     , ΤΣΑΪ    , ÇAY       , ČAJ
la      , LIMONADA , li-mo-NA-da  , BEBIDAS        , #1D4E89    , #EAA095    , Quiero una limonada bien fría.      , la/una limonada | las/unas limonadas | Femenino | ¿Cómo se pide? Una limonada · dos limonadas.                                , querer + un/una + [bebida]                   , Inés quiere una limonada.     , tomar + [bebida] + de + [fruta]              , Tomo limonada de limón.  , tomar + [bebida]                             , Tomo limonada en verano.        , LEMONADE     , LIMONADE  , LIMONADA         , LIMONADE  , LEMONIADA      , LIMONADE , ΛΕΜΟΝΑΔΑ, LİMONATA  , LIMONÁDA
la      , COLA     , CO-la        , BEBIDAS        , #1D4E89    , #EAA095    , Quiero una cola con hielo.          , la/una cola | las/unas colas | Femenino | ¿Cómo se pide? Una cola · dos colas.                                                , querer + un/una + [bebida]                   , Pablo quiere una cola.        , pedir + un/una + [recipiente] + de + [bebida], Pido una botella de cola., me gusta + el/la + [bebida]                  , Me gusta la cola.               , COKE         , COCA      , REFRIGERANTE COLA, COLA      , COLA           , COLA     , ΚΟΛΑ    , KOLA      , KOLA
el      , CHOCOLATE, cho-co-LA-te , BEBIDAS        , #1D4E89    , #95CDEA    , Tomo chocolate caliente en invierno., el/un chocolate | los/unos chocolates | Masculino · también designa el producto sólido | ¿Cómo se pide? Una taza de chocolate., pedir + un/una + [recipiente] + de + [bebida], Pido una taza de chocolate.   , me gusta + el/la + [bebida]                  , Me gusta el chocolate.   , tomar + [bebida]                             , Bebemos chocolate por la mañana., HOT CHOCOLATE, CHOCOLAT  , CHOCOLATE        , SCHOKOLADE, CZEKOLADA      , CHOCOLADE, ΣΟΚΟΛΑΤΑ, ÇİKOLATA  , ČOKOLÁDA
el      , BATIDO   , ba-TI-do     , BEBIDAS        , #1D4E89    , #95CDEA    , Quiero un batido de plátano.        , el/un batido | los/unos batidos | Masculino | ¿Cómo se pide? Un batido · dos batidos.                                         , tomar + [bebida] + de + [fruta]              , Tomo un batido de fresa.      , querer + un + [bebida]                       , Mateo quiere un batido.  , pedir + un/una + [recipiente] + de + [bebida], Pido un vaso de batido.         , MILKSHAKE    , MILK-SHAKE, BATIDA           , MILCHSHAKE, KOKTAJL MLECZNY, MILKSHAKE, ΜΙΛΚΣΕΪΚ, MİLKŞEYK  , MLÉČNÝ KOKTEJL
