articulo; palabra  ; silaba_tonica; campo_semantico        ; color_campo; color_fondo; ejemplo                             ; gramapop                                                ; combo1_estructura; combo1_ejemplo                   ; combo2_estructura                                         ; combo2_ejemplo                      ; combo3_estructura                                         ; combo3_ejemplo                ; EN          ; FR              ; PT              ; AL          ; PL         ; NL        ; GR           ; TR           ; CZ
—       ; alto     ; AL-to        ; CARACTERÍSTICAS FÍSICAS; #384A11    ; #C4B5D4    ; Ana es alta.                        ; alto | altos | alta | altas                             ; ser + [adj]      ; Ana es alta.                     ; gustar + (a alguien) + el/la/los/las + [persona/N] + [adj]; Me gustan los chicos altos.         ; tener + un/una + [persona/parentesco] + [adj]             ; Tengo un primo alto.          ; TALL        ; GRAND           ; ALTO            ; GROSS       ; WYSOKI     ; LANG      ; ΨΗΛΌΣ        ; UZUN BOYLU   ; VYSOKÝ
—       ; bajo     ; BA-jo        ; CARACTERÍSTICAS FÍSICAS; #384A11    ; #C4B5D4    ; Andrés es bajo.                     ; bajo | bajos | baja | bajas                             ; ser + [adj]      ; Andrés es bajo.                  ; gustar + (a alguien) + el/la/los/las + [persona/N] + [adj]; Me gusta la gente baja.             ; tener + un/una + [persona/parentesco] + [adj]             ; Tiene un amigo bajo.          ; SHORT       ; PETIT           ; BAIXO           ; KLEIN       ; NISKI      ; KORT      ; ΚΟΝΤΌΣ       ; KISA BOYLU   ; MALÝ
—       ; delgado  ; del-GA-do    ; CARACTERÍSTICAS FÍSICAS; #384A11    ; #C4B5D4    ; El surfista es delgado.             ; delgado | delgados | delgada | delgadas                 ; ser + [adj]      ; El surfista es delgado.          ; gustar + (a alguien) + el/la/los/las + [persona/N] + [adj]; Me gusta la gente delgada.          ; tener + un/una + [persona/parentesco] + [adj]             ; Tengo una prima delgada.      ; THIN        ; MINCE           ; MAGRO           ; DÜNN        ; SZCZUPŁY   ; SLANK     ; ΛΕΠΤΌΣ       ; İNCE         ; HUBENÝ
—       ; gordo    ; GOR-do       ; CARACTERÍSTICAS FÍSICAS; #384A11    ; #C4B5D4    ; El abuelo de Ana es gordo.          ; gordo | gordos | gorda | gordas                         ; ser + [adj]      ; El abuelo de Ana es gordo.       ; gustar + (a alguien) + el/la/los/las + [persona/N] + [adj]; Me gustan los gatos gordos.         ; tener + un/una + [persona/parentesco] + [adj]             ; Tengo un tío gordo.           ; FAT         ; GROS            ; GORDO           ; DICK        ; GRUBY      ; DIK       ; ΧΟΝΤΡΌΣ      ; ŞİŞMAN       ; TLUSTÝ
—       ; fuerte   ; FUER-te      ; CARACTERÍSTICAS FÍSICAS; #384A11    ; #B8C8D8    ; El surfista es fuerte.              ; fuerte | fuertes | Misma forma para masculino y femenino; ser + [adj]      ; El surfista es fuerte.           ; gustar + (a alguien) + el/la/los/las + [persona/N] + [adj]; Me gustan los chicos fuertes.       ; tener + un/una + [persona/parentesco] + [adj]             ; Tengo un hermano fuerte.      ; STRONG      ; FORT            ; FORTE           ; STARK       ; SILNY      ; STERK     ; ΔΥΝΑΤΌΣ      ; GÜÇLÜ        ; SILNÝ
—       ; joven    ; JO-ven       ; CARACTERÍSTICAS FÍSICAS; #384A11    ; #B8C8D8    ; Mi madre es joven.                  ; joven | jóvenes | Misma forma para masculino y femenino ; ser + [adj]      ; Mi madre es joven.               ; gustar + (a alguien) + el/la/los/las + [persona/N] + [adj]; Me gustan los actores jóvenes.      ; tener + un/una + [persona/parentesco] + [adj]             ; Tiene un hermano joven.       ; YOUNG       ; JEUNE           ; JOVEM           ; JUNG        ; MŁODY      ; JONG      ; ΝΈΟΣ         ; GENÇ         ; MLADÝ
—       ; mayor    ; ma-YOR       ; CARACTERÍSTICAS FÍSICAS; #384A11    ; #B8C8D8    ; Mi abuelo es mayor.                 ; mayor | mayores | Misma forma para masculino y femenino ; ser + [adj]      ; Mi abuelo es mayor.              ; gustar + (a alguien) + el/la/los/las + [persona/N] + [adj]; Me gusta la gente mayor.            ; tener + un/una + [persona/parentesco] + [adj]             ; Tengo una hermana mayor.      ; OLDER       ; PLUS ÂGÉ        ; MAIS VELHO      ; ÄLTER       ; STARSZY    ; OUDER     ; ΜΕΓΑΛΎΤΕΡΟΣ  ; BÜYÜK        ; STARŠÍ
—       ; guapo    ; GUA-po       ; CARACTERÍSTICAS FÍSICAS; #384A11    ; #C4B5D4    ; Andrés es guapo.                    ; guapo | guapos | guapa | guapas                         ; ser + [adj]      ; Andrés es guapo.                 ; gustar + (a alguien) + el/la/los/las + [persona/N] + [adj]; Me gustan los chicos guapos.        ; tener + un/una + [persona/parentesco] + [adj]             ; Tengo una amiga guapa.        ; HANDSOME    ; BEAU            ; BONITO          ; HÜBSCH      ; PRZYSTOJNY ; KNAP      ; ΌΜΟΡΦΟΣ      ; YAKIŞIKLI    ; HEZKÝ
—       ; feo      ; FE-o         ; CARACTERÍSTICAS FÍSICAS; #384A11    ; #C4B5D4    ; El monstruo es feo.                 ; feo | feos | fea | feas                                 ; ser + [adj]      ; El monstruo es feo.              ; gustar + (a alguien) + el/la/los/las + [persona/N] + [adj]; No me gustan los gatos feos.        ; tener + un/una + [persona/parentesco] + [adj]             ; Tiene un perro feo.           ; UGLY        ; LAID            ; FEIO            ; HÄSSLICH    ; BRZYDKI    ; LELIJK    ; ΆΣΧΗΜΟΣ      ; ÇİRKİN       ; OŠKLIVÝ
—       ; moreno   ; mo-RE-no     ; CARACTERÍSTICAS FÍSICAS; #384A11    ; #C4B5D4    ; Ana es morena.                      ; moreno | morenos | morena | morenas                     ; ser + [adj]      ; Ana es morena.                   ; tener + el/la/los/las + [parte] + [adj]                   ; Tiene el pelo moreno.               ; tener + un/una + [persona/parentesco] + [adj]             ; Tengo una amiga morena.       ; DARK-HAIRED ; BRUN            ; MORENO          ; DUNKELHAARIG; CIEMNOWŁOSY; DONKER    ; ΜΕΛΑΧΡΙΝΌΣ   ; ESMER        ; TMAVOVLASÝ
—       ; rubio    ; RU-bio       ; CARACTERÍSTICAS FÍSICAS; #384A11    ; #C4B5D4    ; El surfista es rubio.               ; rubio | rubios | rubia | rubias                         ; ser + [adj]      ; El surfista es rubio.            ; tener + el/la/los/las + [parte] + [adj]                   ; Tiene el pelo rubio.                ; gustar + (a alguien) + el/la/los/las + [persona/N] + [adj]; Me gustan los chicos rubios.  ; BLOND       ; BLOND           ; LOIRO           ; BLOND       ; BLOND      ; BLOND     ; ΞΑΝΘΌΣ       ; SARIŞIN      ; BLOND
—       ; pelirrojo; pe-li-RRO-jo ; CARACTERÍSTICAS FÍSICAS; #384A11    ; #C4B5D4    ; Ana es pelirroja.                   ; pelirrojo | pelirrojos | pelirroja | pelirrojas         ; ser + [adj]      ; Ana es pelirroja.                ; gustar + (a alguien) + el/la/los/las + [persona/N] + [adj]; Me gustan los chicos pelirrojos.    ; tener + un/una + [persona/parentesco] + [adj]             ; Tengo una prima pelirroja.    ; RED-HAIRED  ; ROUX            ; RUIVO           ; ROTHAARIG   ; RUDOWŁOSY  ; ROODHARIG ; ΚΟΚΚΙΝΟΜΆΛΛΗΣ; KIZIL SAÇLI  ; ZRZAVÝ
—       ; canoso   ; ca-NO-so     ; CARACTERÍSTICAS FÍSICAS; #384A11    ; #C4B5D4    ; Mi abuelo es canoso.                ; canoso | canosos | canosa | canosas                     ; ser + [adj]      ; Mi abuelo es canoso.             ; tener + el/la/los/las + [parte] + [adj]                   ; Tiene el pelo canoso.               ; tener + un/una + [persona/parentesco] + [adj]             ; Tengo un tío canoso.          ; GREY-HAIRED ; AUX CHEVEUX GRIS; DE CABELO BRANCO; GRAUHAARIG  ; SIWY       ; GRIJSHARIG; ΨΑΡΟΜΆΛΛΗΣ   ; KIR SAÇLI    ; ŠEDIVÝ
—       ; castaño  ; cas-TA-ño    ; CARACTERÍSTICAS FÍSICAS; #384A11    ; #C4B5D4    ; El surfista es castaño.             ; castaño | castaños | castaña | castañas                 ; ser + [adj]      ; El surfista es castaño.          ; tener + el/la/los/las + [parte] + [adj]                   ; Tiene el pelo castaño.              ; gustar + (a alguien) + el/la/los/las + [persona/N] + [adj]; Me gustan los chicos castaños.; BROWN-HAIRED; CHÂTAIN         ; CASTANHO        ; BRAUNHAARIG ; SZATYN     ; BRUINHARIG; ΚΑΣΤΑΝΌΣ     ; KESTANE SAÇLI; HNĚDOVLASÝ
—       ; calvo    ; CAL-vo       ; CARACTERÍSTICAS FÍSICAS; #384A11    ; #C4B5D4    ; Mi abuelo es calvo.                 ; calvo | calvos | calva | calvas                         ; ser + [adj]      ; Mi abuelo es calvo.              ; gustar + (a alguien) + el/la/los/las + [persona/N] + [adj]; Me gustan los actores calvos.       ; tener + un/una + [persona/parentesco] + [adj]             ; Tengo un tío calvo.           ; BALD        ; CHAUVE          ; CARECA          ; KAHL        ; ŁYSY       ; KAAL      ; ΦΑΛΑΚΡΌΣ     ; KEL          ; PLEŠATÝ
—       ; rizado   ; ri-ZA-do     ; CARACTERÍSTICAS FÍSICAS; #384A11    ; #C4B5D4    ; Ana tiene el pelo rizado.           ; rizado | rizados | rizada | rizadas                     ; ser + [adj]      ; El pelo de Ana es rizado.        ; tener + el/la/los/las + [parte] + [adj]                   ; Ana tiene el pelo rizado.           ; gustar + (a alguien) + el/la/los/las + [persona/N] + [adj]; Me gusta el pelo rizado.      ; CURLY       ; BOUCLÉ          ; ENCARACOLADO    ; LOCKIG      ; KRĘCONY    ; KRULLEND  ; ΣΓΟΥΡΌΣ      ; KIVIRCIK     ; KUDRNATÝ
—       ; liso     ; LI-so        ; CARACTERÍSTICAS FÍSICAS; #384A11    ; #C4B5D4    ; Andrés tiene el pelo liso.          ; liso | lisos | lisa | lisas                             ; ser + [adj]      ; El pelo de Andrés es liso.       ; tener + el/la/los/las + [parte] + [adj]                   ; Andrés tiene el pelo liso.          ; gustar + (a alguien) + el/la/los/las + [persona/N] + [adj]; Me gusta el pelo liso.        ; STRAIGHT    ; LISSE           ; LISO            ; GLATT       ; PROSTY     ; STEIL     ; ΊΣΙΟΣ        ; DÜZ          ; ROVNÝ
—       ; ondulado ; on-du-LA-do  ; CARACTERÍSTICAS FÍSICAS; #384A11    ; #C4B5D4    ; Ana tiene el pelo ondulado.         ; ondulado | ondulados | ondulada | onduladas             ; ser + [adj]      ; El pelo de Ana es ondulado.      ; tener + el/la/los/las + [parte] + [adj]                   ; Ana tiene el pelo ondulado.         ; gustar + (a alguien) + el/la/los/las + [persona/N] + [adj]; Me gusta el pelo ondulado.    ; WAVY        ; ONDULÉ          ; ONDULADO        ; WELLIG      ; FALOWANY   ; GOLVEND   ; ΚΥΜΑΤΙΣΤΌΣ   ; DALGALI      ; VLNITÝ
—       ; largo    ; LAR-go       ; CARACTERÍSTICAS FÍSICAS; #384A11    ; #C4B5D4    ; Ana tiene el pelo largo.            ; largo | largos | larga | largas                         ; ser + [adj]      ; Las piernas de Ana son largas.   ; tener + el/la/los/las + [parte] + [adj]                   ; Ana tiene el pelo largo.            ; gustar + (a alguien) + el/la/los/las + [persona/N] + [adj]; Me gustan los brazos largos.  ; LONG        ; LONG            ; LONGO           ; LANG        ; DŁUGI      ; LANG      ; ΜΑΚΡΎΣ       ; UZUN         ; DLOUHÝ
—       ; corto    ; COR-to       ; CARACTERÍSTICAS FÍSICAS; #384A11    ; #C4B5D4    ; Andrés tiene el pelo corto.         ; corto | cortos | corta | cortas                         ; ser + [adj]      ; El pelo de Andrés es corto.      ; tener + el/la/los/las + [parte] + [adj]                   ; Andrés tiene el pelo corto.         ; gustar + (a alguien) + el/la/los/las + [persona/N] + [adj]; Me gusta el pelo corto.       ; SHORT       ; COURT           ; CURTO           ; KURZ        ; KRÓTKI     ; KORT      ; ΚΟΝΤΌΣ       ; KISA         ; KRÁTKÝ
—       ; grande   ; GRAN-de      ; CARACTERÍSTICAS FÍSICAS; #384A11    ; #B8C8D8    ; Andrés tiene la boca grande.        ; grande | grandes | Misma forma para masculino y femenino; ser + [adj]      ; La boca de Andrés es grande.     ; tener + el/la/los/las + [parte] + [adj]                   ; Andrés tiene la boca grande.        ; gustar + (a alguien) + el/la/los/las + [persona/N] + [adj]; Me gustan los ojos grandes.   ; BIG         ; GRAND           ; GRANDE          ; GROSS       ; DUŻY       ; GROOT     ; ΜΕΓΆΛΟΣ      ; BÜYÜK        ; VELKÝ
—       ; pequeño  ; pe-QUE-ño    ; CARACTERÍSTICAS FÍSICAS; #384A11    ; #C4B5D4    ; Andrés tiene la nariz pequeña.      ; pequeño | pequeños | pequeña | pequeñas                 ; ser + [adj]      ; La nariz de Andrés es pequeña.   ; tener + el/la/los/las + [parte] + [adj]                   ; Andrés tiene la nariz pequeña.      ; tener + un/una + [persona/parentesco] + [adj]             ; Tengo un hermano pequeño.     ; SMALL       ; PETIT           ; PEQUENO         ; KLEIN       ; MAŁY       ; KLEIN     ; ΜΙΚΡΌΣ       ; KÜÇÜK        ; MALÝ
—       ; enorme   ; e-NOR-me     ; CARACTERÍSTICAS FÍSICAS; #384A11    ; #B8C8D8    ; El monstruo tiene una cabeza enorme.; enorme | enormes | Misma forma para masculino y femenino; ser + [adj]      ; La cabeza del monstruo es enorme.; tener + el/la/los/las + [parte] + [adj]                   ; El monstruo tiene una cabeza enorme.; gustar + (a alguien) + el/la/los/las + [persona/N] + [adj]; Me gustan los ojos enormes.   ; HUGE        ; ÉNORME          ; ENORME          ; RIESIG      ; OGROMNY    ; ENORM     ; ΤΕΡΆΣΤΙΟΣ    ; DEVASA       ; OBROVSKÝ
—       ; oscuro   ; os-CU-ro     ; CARACTERÍSTICAS FÍSICAS; #384A11    ; #C4B5D4    ; Ana tiene los ojos oscuros.         ; oscuro | oscuros | oscura | oscuras                     ; ser + [adj]      ; El pelo de Ana es oscuro.        ; tener + el/la/los/las + [parte] + [adj]                   ; Ana tiene los ojos oscuros.         ; gustar + (a alguien) + el/la/los/las + [persona/N] + [adj]; Me gustan los ojos oscuros.   ; DARK        ; FONCÉ           ; ESCURO          ; DUNKEL      ; CIEMNY     ; DONKER    ; ΣΚΟΎΡΟΣ      ; KOYU         ; TMAVÝ
