articulo; palabra    ; silaba_tonica  ; campo_semantico        ; color_campo; color_fondo; ejemplo                       ; gramapop                                                                                    ; combo1_estructura; combo1_ejemplo                ; combo2_estructura                                         ; combo2_ejemplo                      ; combo3_estructura                            ; combo3_ejemplo                ; EN            ; FR               ; PT               ; AL                      ; PL              ; NL             ; GR            ; TR       ; CZ
—       ; simpático  ; sim-PÁ-ti-co   ; CARÁCTER Y PERSONALIDAD; #483B0E    ; #C4B5D4    ; Ana es simpática.             ; simpático | simpáticos | simpática | simpáticas                                             ; ser + [adj]      ; Ana es simpática.             ; gustar + (a alguien) + el/la/los/las + [persona/N] + [adj]; Me gustan los profesores simpáticos.; tener + un/una + [persona/parentesco] + [adj]; Tengo una amiga simpática.    ; NICE          ; SYMPATHIQUE      ; SIMPÁTICO        ; NETT                    ; SYMPATYCZNY     ; AARDIG         ; ΣΥΜΠΑΘΗΤΙΚΌΣ  ; SEMPATİK ; SYMPATICKÝ
—       ; antipático ; an-ti-PÁ-ti-co ; CARÁCTER Y PERSONALIDAD; #483B0E    ; #C4B5D4    ; El monstruo parece antipático.; antipático | antipáticos | antipática | antipáticas                                         ; ser + [adj]      ; El monstruo es antipático.    ; tener + un/una + [persona/parentesco] + [adj]             ; Tiene un vecino antipático.         ; parecer + [adj]                              ; Parece antipático.            ; UNPLEASANT    ; ANTIPATHIQUE     ; ANTIPÁTICO       ; UNSYMPATHISCH           ; NIESYMPATYCZNY  ; ONAARDIG       ; ΑΝΤΙΠΑΘΗΤΙΚΌΣ ; ANTİPATİK; NEPŘÍJEMNÝ
—       ; divertido  ; di-ver-TI-do   ; CARÁCTER Y PERSONALIDAD; #483B0E    ; #C4B5D4    ; Andrés es divertido.          ; divertido | divertidos | divertida | divertidas                                             ; ser + [adj]      ; Andrés es divertido.          ; gustar + (a alguien) + el/la/los/las + [persona/N] + [adj]; Me gustan los chicos divertidos.    ; parecer + [adj]                              ; Tu hermano parece divertido.  ; FUN           ; AMUSANT          ; DIVERTIDO        ; LUSTIG                  ; ZABAWNY         ; LEUK           ; ΔΙΑΣΚΕΔΑΣΤΙΚΌΣ; EĞLENCELİ; ZÁBAVNÝ
—       ; aburrido   ; a-bu-RRI-do    ; CARÁCTER Y PERSONALIDAD; #483B0E    ; #C4B5D4    ; Estoy aburrido.               ; aburrido | aburridos | aburrida | aburridas | ser aburrido = rasgo · estar aburrido = estado; ser + [adj]      ; La clase es aburrida.         ; parecer + [adj]                                           ; El libro parece aburrido.           ; estar + [adj]                                ; Estoy aburrido.               ; BORING / BORED; ENNUYEUX / ENNUYÉ; CHATO / ENTEDIADO; LANGWEILIG / GELANGWEILT; NUDNY / ZNUDZONY; SAAI / VERVEELD; ΒΑΡΕΤΌΣ       ; SIKICI   ; NUDNÝ
—       ; trabajador ; tra-ba-ja-DOR  ; CARÁCTER Y PERSONALIDAD; #483B0E    ; #C4B5D4    ; El padre de Ana es trabajador.; trabajador | trabajadores | trabajadora | trabajadoras | Plural masculino en -es            ; ser + [adj]      ; El padre de Ana es trabajador.; gustar + (a alguien) + el/la/los/las + [persona/N] + [adj]; Me gusta la gente trabajadora.      ; tener + un/una + [persona/parentesco] + [adj]; Tengo una hermana trabajadora.; HARD-WORKING  ; TRAVAILLEUR      ; TRABALHADOR      ; FLEISSIG                ; PRACOWITY       ; HARDWERKEND    ; ΕΡΓΑΤΙΚΌΣ     ; ÇALIŞKAN ; PRACOVITÝ
—       ; inteligente; in-te-li-GEN-te; CARÁCTER Y PERSONALIDAD; #483B0E    ; #B8C8D8    ; Ana es inteligente.           ; inteligente | inteligentes | Misma forma para masculino y femenino                          ; ser + [adj]      ; Ana es inteligente.           ; tener + un/una + [persona/parentesco] + [adj]             ; Tengo un primo inteligente.         ; parecer + [adj]                              ; Parece muy inteligente.       ; INTELLIGENT   ; INTELLIGENT      ; INTELIGENTE      ; INTELLIGENT             ; INTELIGENTNY    ; INTELLIGENT    ; ΈΞΥΠΝΟΣ       ; ZEKİ     ; INTELIGENTNÍ
—       ; sociable   ; so-CIA-ble     ; CARÁCTER Y PERSONALIDAD; #483B0E    ; #B8C8D8    ; Andrés es sociable.           ; sociable | sociables | Misma forma para masculino y femenino                                ; ser + [adj]      ; Andrés es sociable.           ; gustar + (a alguien) + el/la/los/las + [persona/N] + [adj]; Me gustan las personas sociables.   ; parecer + [adj]                              ; Tu amigo parece sociable.     ; SOCIABLE      ; SOCIABLE         ; SOCIÁVEL         ; KONTAKTFREUDIG          ; TOWARZYSKI      ; SOCIAAL        ; ΚΟΙΝΩΝΙΚΌΣ    ; SOSYAL   ; SPOLEČENSKÝ
—       ; cariñoso   ; ca-ri-ÑO-so    ; CARÁCTER Y PERSONALIDAD; #483B0E    ; #C4B5D4    ; Mi abuela es cariñosa.        ; cariñoso | cariñosos | cariñosa | cariñosas                                                 ; ser + [adj]      ; Mi abuela es cariñosa.        ; gustar + (a alguien) + el/la/los/las + [persona/N] + [adj]; Me gustan los abuelos cariñosos.    ; tener + un/una + [persona/parentesco] + [adj]; Tengo una tía cariñosa.       ; AFFECTIONATE  ; AFFECTUEUX       ; CARINHOSO        ; LIEBEVOLL               ; CZUŁY           ; LIEFDEVOL      ; ΣΤΟΡΓΙΚΌΣ     ; SEVECEN  ; LASKAVÝ
—       ; serio      ; SE-rio         ; CARÁCTER Y PERSONALIDAD; #483B0E    ; #C4B5D4    ; Andrés está serio hoy.        ; serio | serios | seria | serias | ser serio = rasgo · estar serio = momento                 ; ser + [adj]      ; Mi profesor es serio.         ; parecer + [adj]                                           ; Parece serio.                       ; estar + [adj]                                ; Andrés está serio hoy.        ; SERIOUS       ; SÉRIEUX          ; SÉRIO            ; ERNST                   ; POWAŻNY         ; ERNSTIG        ; ΣΟΒΑΡΌΣ       ; CİDDİ    ; VÁŽNÝ
