articulo; palabra    ; silaba_tonica  ; campo_semantico; color_campo; color_fondo; ejemplo                                   ; gramapop                                             ; combo1_estructura                                        ; combo1_ejemplo                          ; combo2_estructura                                        ; combo2_ejemplo                      ; combo3_estructura                                        ; combo3_ejemplo                            ; EN             ; FR        ; PT              ; AL           ; PL       ; NL        ; GR         ; TR              ; CZ
la      ; ALFOMBRA   ; al-FOM-bra     ; MOBILIARIO     ; #4A1E14    ; #EAA095    ; La alfombra es roja.                      ; la/una alfombra | las/unas alfombras | Femenino      ; [objeto] + estar en + el/la + [parte de la casa]         ; La alfombra está en el salón-comedor.   ; el/la + [objeto] + es + [adjetivo descriptivo]           ; La alfombra es grande.              ; mi/tu/su + [objeto] + es + [cualidad]                    ; Mi alfombra es roja.                      ; RUG            ; TAPIS     ; TAPETE          ; TEPPICH      ; DYWAN    ; TAPIJT    ; ΧΑΛΙ       ; HALI            ; KOBEREC
el      ; ARMARIO    ; ar-MA-rio      ; MOBILIARIO     ; #4A1E14    ; #95CDEA    ; Tengo un armario en el dormitorio.        ; el/un armario | los/unos armarios | Masculino        ; tener + un/una + [objeto]                                ; Tengo un armario grande.                ; mi/tu/su + [objeto] + es + [cualidad]                    ; Mi armario es antiguo.              ; hay + un/una + [objeto] + en + el/la + [parte de la casa]; Hay un armario en el dormitorio.          ; WARDROBE       ; ARMOIRE   ; ARMÁRIO         ; SCHRANK      ; SZAFA    ; KAST      ; ΝΤΟΥΛΑΠΑ   ; DOLAP           ; SKŘÍŇ
la      ; BAÑERA     ; ba-ÑE-ra       ; MOBILIARIO     ; #4A1E14    ; #EAA095    ; La bañera está al lado del lavabo.        ; la/una bañera | las/unas bañeras | Femenino          ; [objeto1] + estar al lado de + el/la + [objeto2]         ; La bañera está al lado del lavabo.      ; [objeto] + estar en + el/la + [parte de la casa]         ; La bañera está en el cuarto de baño.; el/la + [objeto] + es + [adjetivo descriptivo]           ; La bañera es pequeña.                     ; BATHTUB        ; BAIGNOIRE ; BANHEIRA        ; BADEWANNE    ; WANNA    ; BADKUIP   ; ΜΠΑΝΙΕΡΑ   ; KÜVET           ; VANA
la      ; CAMA       ; CA-ma          ; MOBILIARIO     ; #4A1E14    ; #EAA095    ; Mi cama es grande.                        ; la/una cama | las/unas camas | Femenino              ; mi/tu/su + [objeto] + es + [cualidad]                    ; Mi cama es grande.                      ; hay + un/una + [objeto] + en + el/la + [parte de la casa]; Hay una cama en el dormitorio.      ; tener + un/una + [objeto]                                ; Tengo una cama nueva.                     ; BED            ; LIT       ; CAMA            ; BETT         ; ŁÓŻKO    ; BED       ; ΚΡΕΒΑΤΙ    ; YATAK           ; POSTEL
el      ; CUADRO     ; CUA-dro        ; MOBILIARIO     ; #4A1E14    ; #95CDEA    ; Hay un cuadro en el salón-comedor.        ; el/un cuadro | los/unos cuadros | Masculino          ; el/la + [objeto] + es + [adjetivo descriptivo]           ; El cuadro es antiguo.                   ; [objeto1] + estar al lado de + el/la + [objeto2]         ; El cuadro está al lado del espejo.  ; hay + un/una + [objeto] + en + el/la + [parte de la casa]; Hay un cuadro en el salón-comedor.        ; PICTURE        ; TABLEAU   ; QUADRO          ; BILD         ; OBRAZ    ; SCHILDERIJ; ΠΙΝΑΚΑΣ    ; TABLO           ; OBRAZ
la      ; DUCHA      ; DU-cha         ; MOBILIARIO     ; #4A1E14    ; #EAA095    ; La ducha está en el cuarto de baño.       ; la/una ducha | las/unas duchas | Femenino            ; [objeto] + estar en + el/la + [parte de la casa]         ; La ducha está en el cuarto de baño.     ; el/la + [objeto] + es + [adjetivo descriptivo]           ; La ducha es pequeña.                ; [objeto1] + estar al lado de + el/la + [objeto2]         ; La ducha está al lado de la bañera.       ; SHOWER         ; DOUCHE    ; CHUVEIRO        ; DUSCHE       ; PRYSZNIC ; DOUCHE    ; ΝΤΟΥΣ      ; DUŞ             ; SPRCHA
el      ; ESPEJO     ; es-PE-jo       ; MOBILIARIO     ; #4A1E14    ; #95CDEA    ; Hay un espejo en el recibidor.            ; el/un espejo | los/unos espejos | Masculino          ; [objeto1] + estar al lado de + el/la + [objeto2]         ; El espejo está al lado del lavabo.      ; [objeto] + estar en + el/la + [parte de la casa]         ; El espejo está en el cuarto de baño.; el/la + [objeto] + es + [adjetivo descriptivo]           ; El espejo es pequeño.                     ; MIRROR         ; MIROIR    ; ESPELHO         ; SPIEGEL      ; LUSTRO   ; SPIEGEL   ; ΚΑΘΡΕΦΤΗΣ  ; AYNA            ; ZRCADLO
la      ; ESTANTERÍA ; es-tan-te-RÍ-a ; MOBILIARIO     ; #4A1E14    ; #EAA095    ; Necesito una estantería para los libros.  ; la/una estantería | las/unas estanterías | Femenino  ; necesitar + un/una + [objeto]                            ; Necesito una estantería para los libros.; mi/tu/su + [objeto] + es + [cualidad]                    ; Mi estantería es grande.            ; tener + un/una + [objeto]                                ; Tengo una estantería en el dormitorio.    ; BOOKSHELF      ; ÉTAGÈRE   ; ESTANTE         ; REGAL        ; REGAŁ    ; BOEKENKAST; ΡΑΦΙΕΡΑ    ; RAF             ; REGÁL
el      ; FREGADERO  ; fre-ga-DE-ro   ; MOBILIARIO     ; #4A1E14    ; #95CDEA    ; El fregadero está al lado del frigorífico.; el/un fregadero | los/unos fregaderos | Masculino    ; el/la + [objeto] + es + [adjetivo descriptivo]           ; El fregadero es grande.                 ; [objeto] + estar en + el/la + [parte de la casa]         ; El fregadero está en la cocina.     ; [objeto1] + estar al lado de + el/la + [objeto2]         ; El fregadero está al lado del frigorífico.; KITCHEN SINK   ; ÉVIER     ; PIA             ; SPÜLE        ; ZLEW     ; GOOTSTEEN ; ΝΕΡΟΧΥΤΗΣ  ; EVYE            ; DŘEZ
el      ; FRIGORÍFICO; fri-go-RÍ-fi-co; MOBILIARIO     ; #4A1E14    ; #95CDEA    ; El frigorífico está en la cocina.         ; el/un frigorífico | los/unos frigoríficos | Masculino; tener + un/una + [objeto]                                ; Tengo un frigorífico grande.            ; el/la + [objeto] + es + [adjetivo descriptivo]           ; El frigorífico es grande.           ; [objeto] + estar en + el/la + [parte de la casa]         ; El frigorífico está en la cocina.         ; FRIDGE         ; FRIGO     ; GELADEIRA       ; KÜHLSCHRANK  ; LODÓWKA  ; KOELKAST  ; ΨΥΓΕΙΟ     ; BUZDOLABI       ; LEDNICE
el      ; LAVABO     ; la-VA-bo       ; MOBILIARIO     ; #4A1E14    ; #95CDEA    ; El lavabo está en el cuarto de baño.      ; el/un lavabo | los/unos lavabos | Masculino          ; [objeto] + estar en + el/la + [parte de la casa]         ; El lavabo está en el cuarto de baño.    ; [objeto1] + estar al lado de + el/la + [objeto2]         ; El lavabo está al lado de la bañera.; el/la + [objeto] + es + [adjetivo descriptivo]           ; El lavabo es pequeño.                     ; WASHBASIN      ; LAVABO    ; LAVATÓRIO       ; WASCHBECKEN  ; UMYWALKA ; WASTAFEL  ; ΝΙΠΤΗΡΑΣ   ; LAVABO          ; UMYVADLO
la      ; LAVADORA   ; la-va-DO-ra    ; MOBILIARIO     ; #4A1E14    ; #EAA095    ; Necesito una lavadora nueva.              ; la/una lavadora | las/unas lavadoras | Femenino      ; necesitar + un/una + [objeto]                            ; Necesito una lavadora nueva.            ; tener + un/una + [objeto]                                ; Tengo una lavadora en casa.         ; [objeto] + estar en + el/la + [parte de la casa]         ; La lavadora está en la cocina.            ; WASHING MACHINE; LAVE-LINGE; MÁQUINA DE LAVAR; WASCHMASCHINE; PRALKA   ; WASMACHINE; ΠΛΥΝΤΗΡΙΟ  ; ÇAMAŞIR MAKİNESİ; PRAČKA
la      ; LÁMPARA    ; LÁM-pa-ra      ; MOBILIARIO     ; #4A1E14    ; #EAA095    ; La lámpara es pequeña.                    ; la/una lámpara | las/unas lámparas | Femenino        ; el/la + [objeto] + es + [adjetivo descriptivo]           ; La lámpara es pequeña.                  ; mi/tu/su + [objeto] + es + [cualidad]                    ; Mi lámpara es antigua.              ; hay + un/una + [objeto] + en + el/la + [parte de la casa]; Hay una lámpara al lado de la cama.       ; LAMP           ; LAMPE     ; CANDEEIRO       ; LAMPE        ; LAMPA    ; LAMP      ; ΛΑΜΠΑ      ; LAMBA           ; LAMPA
la      ; MESA       ; ME-sa          ; MOBILIARIO     ; #4A1E14    ; #EAA095    ; La mesa está en el salón-comedor.         ; la/una mesa | las/unas mesas | Femenino              ; [objeto1] + estar al lado de + el/la + [objeto2]         ; La mesa está al lado de las sillas.     ; el/la + [objeto] + es + [adjetivo descriptivo]           ; La mesa es grande.                  ; [objeto] + estar en + el/la + [parte de la casa]         ; La mesa está en el salón-comedor.         ; TABLE          ; TABLE     ; MESA            ; TISCH        ; STÓŁ     ; TAFEL     ; ΤΡΑΠΕΖΙ    ; MASA            ; STŮL
el      ; ORDENADOR  ; or-de-na-DOR   ; MOBILIARIO     ; #4A1E14    ; #95CDEA    ; Tengo un ordenador en casa.               ; el/un ordenador | los/unos ordenadores | Masculino   ; tener + un/una + [objeto]                                ; Tengo un ordenador en casa.             ; necesitar + un/una + [objeto]                            ; Necesito un ordenador para estudiar.; mi/tu/su + [objeto] + es + [cualidad]                    ; Mi ordenador es nuevo.                    ; COMPUTER       ; ORDINATEUR; COMPUTADOR      ; COMPUTER     ; KOMPUTER ; COMPUTER  ; ΥΠΟΛΟΓΙΣΤΗΣ; BİLGİSAYAR      ; POČÍTAČ
el      ; PÓSTER     ; PÓS-ter        ; MOBILIARIO     ; #4A1E14    ; #95CDEA    ; Hay un póster en el dormitorio.           ; el/un póster | los/unos pósteres | Masculino         ; hay + un/una + [objeto] + en + el/la + [parte de la casa]; Hay un póster en el dormitorio.         ; mi/tu/su + [objeto] + es + [cualidad]                    ; Mi póster es nuevo.                 ; tener + un/una + [objeto]                                ; Tengo un póster de mi cantante favorito.  ; POSTER         ; POSTER    ; PÔSTER          ; POSTER       ; PLAKAT   ; POSTER    ; ΑΦΙΣΑ      ; POSTER          ; PLAKÁT
la      ; SILLA      ; SI-lla         ; MOBILIARIO     ; #4A1E14    ; #EAA095    ; La silla está al lado de la mesa.         ; la/una silla | las/unas sillas | Femenino            ; [objeto1] + estar al lado de + el/la + [objeto2]         ; La silla está al lado de la mesa.       ; hay + un/una + [objeto] + en + el/la + [parte de la casa]; Hay una silla en la cocina.         ; el/la + [objeto] + es + [adjetivo descriptivo]           ; La silla es pequeña.                      ; CHAIR          ; CHAISE    ; CADEIRA         ; STUHL        ; KRZESŁO  ; STOEL     ; ΚΑΡΕΚΛΑ    ; SANDALYE        ; ŽIDLE
el      ; SILLÓN     ; si-LLÓN        ; MOBILIARIO     ; #4A1E14    ; #95CDEA    ; Necesito un sillón nuevo.                 ; el/un sillón | los/unos sillones | Masculino         ; necesitar + un/una + [objeto]                            ; Necesito un sillón nuevo.               ; [objeto] + estar en + el/la + [parte de la casa]         ; El sillón está en el salón-comedor. ; tener + un/una + [objeto]                                ; Tengo un sillón cómodo.                   ; ARMCHAIR       ; FAUTEUIL  ; POLTRONA        ; SESSEL       ; FOTEL    ; FAUTEUIL  ; ΠΟΛΥΘΡΟΝΑ  ; KOLTUK          ; KŘESLO
el      ; SOFÁ       ; so-FÁ          ; MOBILIARIO     ; #4A1E14    ; #95CDEA    ; Mi sofá es nuevo.                         ; el/un sofá | los/unos sofás | Masculino              ; mi/tu/su + [objeto] + es + [cualidad]                    ; Mi sofá es nuevo.                       ; el/la + [objeto] + es + [adjetivo descriptivo]           ; El sofá es grande.                  ; [objeto] + estar en + el/la + [parte de la casa]         ; El sofá está en el salón-comedor.         ; SOFA           ; CANAPÉ    ; SOFÁ            ; SOFA         ; SOFA     ; BANK      ; ΚΑΝΑΠΕΣ    ; KANEPE          ; POHOVKA
la      ; TELEVISIÓN ; te-le-vi-SIÓN  ; MOBILIARIO     ; #4A1E14    ; #EAA095    ; La televisión está en el salón-comedor.   ; la/una televisión | las/unas televisiones | Femenino ; el/la + [objeto] + es + [adjetivo descriptivo]           ; La televisión es grande.                ; tener + un/una + [objeto]                                ; Tengo una televisión grande.        ; hay + un/una + [objeto] + en + el/la + [parte de la casa]; Hay una televisión en el salón-comedor.   ; TELEVISION     ; TÉLÉVISION; TELEVISÃO       ; FERNSEHER    ; TELEWIZOR; TELEVISIE ; ΤΗΛΕΟΡΑΣΗ  ; TELEVİZYON      ; TELEVIZE
el      ; TELÉFONO   ; te-LÉ-fo-no    ; MOBILIARIO     ; #4A1E14    ; #95CDEA    ; El teléfono está en el recibidor.         ; el/un teléfono | los/unos teléfonos | Masculino      ; hay + un/una + [objeto] + en + el/la + [parte de la casa]; Hay un teléfono en el recibidor.        ; necesitar + un/una + [objeto]                            ; Necesito un teléfono nuevo.         ; [objeto] + estar en + el/la + [parte de la casa]         ; El teléfono está en el recibidor.         ; PHONE          ; TÉLÉPHONE ; TELEFONE        ; TELEFON      ; TELEFON  ; TELEFOON  ; ΤΗΛΕΦΩΝΟ   ; TELEFON         ; TELEFON
