articulo; palabra         ; silaba_tonica       ; campo_semantico                ; color_campo; color_fondo; ejemplo                                ; gramapop                                                         ; combo1_estructura                               ; combo1_ejemplo                         ; combo2_estructura                               ; combo2_ejemplo                          ; combo3_estructura                               ; combo3_ejemplo                         ; EN          ; FR                 ; PT                   ; AL            ; PL                    ; NL             ; GR              ; TR             ; CZ
el      ; APARTAMENTO     ; a-par-ta-MEN-to     ; TIPOS DE VIVIENDA Y ALOJAMIENTO; #1A2A4A    ; #95CDEA    ; Vivo en un apartamento en Madrid.      ; el/un apartamento | los/unos apartamentos | Masculino            ; vivir en + un/una + [vivienda]                  ; Vivo en un apartamento en Madrid.      ; el/la + [vivienda/alojamiento] + es + [adjetivo]; El apartamento es pequeño.              ; estar en + un/una + [alojamiento]               ; Estoy en el apartamento de mi abuela.  ; APARTMENT   ; APPARTEMENT        ; APARTAMENTO          ; WOHNUNG       ; MIESZKANIE            ; APPARTEMENT    ; ΔΙΑΜΕΡΙΣΜΑ      ; DAİRE          ; BYT
el      ; CHALÉ           ; cha-LÉ              ; TIPOS DE VIVIENDA Y ALOJAMIENTO; #1A2A4A    ; #95CDEA    ; El chalé tiene jardín.                 ; el/un chalé | los/unos chalés | Masculino                        ; el/la + [vivienda/alojamiento] + es + [adjetivo]; El chalé es grande.                    ; vivir en + un/una + [vivienda]                  ; Vivo en un chalé en la playa.           ; ir a + un/una + [alojamiento]                   ; Vamos a un chalé de vacaciones.        ; CHALET      ; CHALET             ; CHALÉ                ; CHALET        ; DOMEK                 ; CHALET         ; ΣΑΛΕ            ; ŞALE           ; CHATA
el      ; ALBERGUE JUVENIL; al-BER-gue ju-ve-NIL; TIPOS DE VIVIENDA Y ALOJAMIENTO; #1A2A4A    ; #95CDEA    ; El albergue juvenil es barato.         ; el/un albergue juvenil | los/unos albergues juveniles | Masculino; ir a + un/una + [alojamiento]                   ; Vamos a un albergue juvenil.           ; estar en + un/una + [alojamiento]               ; Estoy en un albergue juvenil.           ; el/la + [vivienda/alojamiento] + es + [adjetivo]; El albergue juvenil es barato.         ; YOUTH HOSTEL; AUBERGE DE JEUNESSE; ALBERGUE DA JUVENTUDE; JUGENDHERBERGE; SCHRONISKO MŁODZIEŻOWE; JEUGDHERBERG   ; ΞΕΝΩΝΑΣ ΝΕΟΤΗΤΑΣ; GENÇLİK HOSTELİ; MLÁDEŽNICKÁ UBYTOVNA
el      ; CAMPING         ; CAM-ping            ; TIPOS DE VIVIENDA Y ALOJAMIENTO; #1A2A4A    ; #95CDEA    ; Vamos a un camping en verano.          ; el/un camping | los/unos campings | Masculino                    ; estar en + un/una + [alojamiento]               ; Estoy en un camping con mi familia.    ; el/la + [vivienda/alojamiento] + es + [adjetivo]; El camping es grande.                   ; ir a + un/una + [alojamiento]                   ; Vamos a un camping en verano.          ; CAMPSITE    ; CAMPING            ; CAMPING              ; CAMPINGPLATZ  ; KEMPING               ; CAMPING        ; ΚΑΜΠΙΝΓΚ        ; KAMP YERİ      ; KEMP
la      ; CARAVANA        ; ca-ra-VA-na         ; TIPOS DE VIVIENDA Y ALOJAMIENTO; #1A2A4A    ; #EAA095    ; Vivo en una caravana.                  ; la/una caravana | las/unas caravanas | Femenino                  ; vivir en + un/una + [vivienda]                  ; Vivo en una caravana.                  ; estar en + un/una + [alojamiento]               ; Estoy en la caravana de mis padres.     ; el/la + [vivienda/alojamiento] + es + [adjetivo]; La caravana es pequeña.                ; CARAVAN     ; CARAVANE           ; TRAILER              ; WOHNWAGEN     ; PRZYCZEPA             ; CARAVAN        ; ΤΡΟΧΟΣΠΙΤΟ      ; KARAVAN        ; KARAVAN
la      ; CASA RURAL      ; CA-sa ru-RAL        ; TIPOS DE VIVIENDA Y ALOJAMIENTO; #1A2A4A    ; #EAA095    ; La casa rural está en el campo.        ; la/una casa rural | las/unas casas rurales | Femenino            ; el/la + [vivienda/alojamiento] + es + [adjetivo]; La casa rural es bonita.               ; ir a + un/una + [alojamiento]                   ; Vamos a una casa rural el fin de semana.; estar en + un/una + [alojamiento]               ; Estoy en una casa rural con mis amigos.; RURAL HOUSE ; MAISON RURALE      ; CASA RURAL           ; LANDHAUS      ; AGROTURYSTYKA         ; PLATTELANDSHUIS; ΑΓΡΟΤΙΚΟ ΣΠΙΤΙ  ; KIRSAL EV      ; VENKOVSKÝ DŮM
el      ; CRUCERO         ; cru-CE-ro           ; TIPOS DE VIVIENDA Y ALOJAMIENTO; #1A2A4A    ; #95CDEA    ; Vamos a un crucero por el Mediterráneo.; el/un crucero | los/unos cruceros | Masculino                    ; ir a + un/una + [alojamiento]                   ; Vamos a un crucero por el Mediterráneo.; estar en + un/una + [alojamiento]               ; Estoy en un crucero por el Caribe.      ; el/la + [vivienda/alojamiento] + es + [adjetivo]; El crucero es grande.                  ; CRUISE      ; CROISIÈRE          ; CRUZEIRO             ; KREUZFAHRT    ; REJS                  ; CRUISE         ; ΚΡΟΥΑΖΙΕΡΑ      ; GEMİ YOLCULUĞU ; PLAVBA
la      ; GRANJA          ; GRAN-ja             ; TIPOS DE VIVIENDA Y ALOJAMIENTO; #1A2A4A    ; #EAA095    ; Mis abuelos viven en una granja.       ; la/una granja | las/unas granjas | Femenino                      ; vivir en + un/una + [vivienda]                  ; Mis abuelos viven en una granja.       ; el/la + [vivienda/alojamiento] + es + [adjetivo]; La granja es antigua.                   ; ir a + un/una + [alojamiento]                   ; Vamos a una granja en verano.          ; FARM        ; FERME              ; FAZENDA              ; BAUERNHOF     ; GOSPODARSTWO          ; BOERDERIJ      ; ΦΑΡΜΑ           ; ÇİFTLİK        ; FARMA
el      ; HOTEL           ; ho-TEL              ; TIPOS DE VIVIENDA Y ALOJAMIENTO; #1A2A4A    ; #95CDEA    ; Estoy en un hotel en Barcelona.        ; el/un hotel | los/unos hoteles | Masculino                       ; estar en + un/una + [alojamiento]               ; Estoy en un hotel en Barcelona.        ; ir a + un/una + [alojamiento]                   ; Vamos a un hotel el fin de semana.      ; el/la + [vivienda/alojamiento] + es + [adjetivo]; El hotel es nuevo.                     ; HOTEL       ; HÔTEL              ; HOTEL                ; HOTEL         ; HOTEL                 ; HOTEL          ; ΞΕΝΟΔΟΧΕΙΟ      ; OTEL           ; HOTEL
